id,nome,email,cpf,telefone,ano_nascimento,mes_nascimento,dia_nascimento,e_instrutor
3826, Robert Shepherd, ashleywu@example.com, 4901716035, 5835298567, 1945, 12, 3, 0
3827, Robert Shepherd, kelly38@example.com, 5791282452, 4882917562, 1998, 8, 3, 0
3828, Robert Shepherd, owood@example.org, 1513584961, 7950412688, 1948, 8, 1, 1
3829, Robert Shepherd, cortezkyle@example.net, 1255662887, 5679072767, 1965, 2, 13, 0
3830, Robert Shepherd, drakekristin@example.org, 7882687622, 4194060500, 1950, 7, 24, 1
3831, Robert Shepherd, andrewchavez@example.org, 8696810934, 1092433812, 1981, 2, 5, 0
3832, Robert Shepherd, gravesashley@example.net, 1054807039, 1315737474, 1954, 12, 1, 1
3833, Robert Shepherd, ghernandez@example.net, 7379672759, 5284212755, 1981, 4, 25, 0
3834, Robert Shepherd, calvinshaw@example.net, 2196062751, 5735591970, 1929, 3, 9, 1
3835, Robert Shepherd, lindacarlson@example.org, 1425952490, 1488299344, 1944, 12, 26, 0
3836, Robert Shepherd, logan93@example.org, 2351362836, 6402749784, 1952, 6, 7, 0
3837, Robert Shepherd, probinson@example.com, 5206558902, 6205880872, 1998, 12, 21, 0
3838, Robert Shepherd, yorkmichelle@example.com, 3794369708, 3134850257, 1955, 9, 10, 0
3839, Robert Shepherd, jeremy24@example.net, 2156287382, 2823103641, 1991, 12, 26, 0
3840, Robert Shepherd, savagejessica@example.com, 5205825910, 1164208014, 1982, 6, 5, 0
3841, Robert Shepherd, operez@example.net, 7589028148, 6142791657, 1938, 4, 22, 1
3842, Robert Shepherd, whitemichael@example.org, 3421498638, 8434620207, 1938, 8, 11, 1
3843, Robert Shepherd, michael34@example.org, 6953691955, 8039090371, 1962, 10, 22, 0
3844, Robert Shepherd, corr@example.net, 1530947743, 2909801758, 2007, 6, 5, 0
3845, Robert Shepherd, jenniferrobinson@example.com, 7725353331, 5757668509, 1987, 12, 16, 1
3846, Robert Shepherd, samuel20@example.com, 2702792701, 7277825107, 1998, 5, 11, 0
3847, Robert Shepherd, lisa27@example.org, 4628381112, 6990764145, 1959, 7, 28, 0
3848, Robert Shepherd, kimberlykhan@example.net, 3876731067, 5787967182, 1937, 8, 28, 1
3849, Robert Shepherd, brandonpowell@example.com, 1660627122, 7247446395, 1980, 12, 2, 1
3850, Robert Shepherd, kimberlyfranklin@example.net, 6746099469, 8340800854, 2005, 8, 26, 1
3851, Robert Shepherd, tiffanyjones@example.com, 6464522764, 4034739321, 1963, 4, 23, 0
3852, Robert Shepherd, karenfranco@example.com, 4195644352, 5709225376, 1940, 1, 11, 0
3853, Robert Shepherd, matthewgardner@example.org, 4102537481, 5223948863, 1960, 1, 10, 1
3854, Robert Shepherd, awest@example.net, 3982881157, 4399048887, 2001, 3, 1, 0
3855, Robert Shepherd, nguyenangela@example.com, 4265690220, 6828252052, 1941, 4, 2, 1
3856, Robert Shepherd, anthony32@example.com, 6174355306, 5205941289, 1963, 7, 3, 0
3857, Robert Shepherd, markestrada@example.com, 8189044089, 8722415944, 1938, 1, 30, 1
3858, Robert Shepherd, nhamilton@example.com, 2322746132, 2935653062, 1950, 6, 20, 1
3859, Robert Shepherd, hernandezamy@example.org, 6316466073, 2140557688, 2002, 1, 5, 1
3860, Robert Shepherd, sierrajones@example.net, 8785620395, 5917823960, 1961, 3, 7, 1
3861, Robert Shepherd, stokescaleb@example.net, 7842289347, 6105837418, 2006, 5, 13, 1
3862, Robert Shepherd, mark30@example.org, 6679440269, 6367373862, 1926, 1, 13, 0
3863, Robert Shepherd, gregoryhernandez@example.org, 6338148599, 2440017158, 1938, 10, 20, 1
3864, Robert Shepherd, smithmichael@example.net, 1380732594, 4327631784, 1997, 7, 11, 0
3865, Robert Shepherd, todd37@example.com, 3131941586, 3585341678, 1955, 1, 18, 1
3866, Robert Shepherd, ianwells@example.org, 5917188659, 3972879347, 1946, 1, 3, 0
3867, Robert Shepherd, eileen73@example.org, 4365422390, 1881002750, 1992, 6, 8, 1
3868, Robert Shepherd, lauriedougherty@example.org, 2168807371, 8246589162, 1960, 6, 4, 0
3869, Robert Shepherd, tonya89@example.org, 7693408945, 8630286543, 2006, 5, 30, 1
3870, Robert Shepherd, wilsonbrittany@example.org, 1330512431, 5258669238, 1967, 1, 29, 0
3871, Robert Shepherd, michael32@example.com, 3370047581, 8323793031, 1958, 12, 26, 1
3872, Robert Shepherd, thomaschen@example.com, 6095162213, 6401369039, 2007, 5, 6, 1
3873, Robert Shepherd, michaeljones@example.net, 3863342093, 5007076903, 1934, 11, 22, 1
3874, Robert Shepherd, blee@example.net, 4429453729, 4808683036, 1982, 8, 27, 0
3875, Robert Shepherd, washingtonsandra@example.com, 1904910415, 2213697941, 1951, 5, 27, 0
3876, Robert Shepherd, mikehorton@example.org, 6088440524, 5654085451, 1958, 1, 13, 0
3877, Robert Shepherd, rebeccahanson@example.org, 1744083015, 7887401095, 1939, 4, 9, 0
3878, Robert Shepherd, autumn45@example.net, 7594457668, 8621899428, 1947, 5, 25, 0
3879, Robert Shepherd, anthony45@example.org, 5894581775, 8466883431, 1940, 7, 2, 0
3880, Robert Shepherd, garrettvaldez@example.com, 1602482444, 5794494088, 1929, 10, 31, 1
3881, Robert Shepherd, murrayevan@example.net, 7347790435, 2689637107, 1994, 7, 23, 1
3882, Robert Shepherd, znorris@example.net, 7925856988, 6232581106, 1963, 8, 5, 0
3883, Robert Shepherd, gsalas@example.net, 8654242898, 7007429327, 2000, 2, 16, 1
3884, Robert Shepherd, cynthia67@example.org, 8306670898, 6198667862, 1931, 9, 30, 0
3885, Robert Shepherd, ofreeman@example.org, 8332965997, 7689880974, 1989, 7, 18, 0
3886, Robert Shepherd, james40@example.org, 5365353825, 6868868623, 1935, 4, 16, 1
3887, Robert Shepherd, eric97@example.org, 2213232903, 1120274275, 1954, 4, 6, 1
3888, Robert Shepherd, bradycassandra@example.com, 2881286708, 1021447054, 1962, 9, 10, 1
3889, Robert Shepherd, wbyrd@example.org, 5056287026, 5582496600, 1984, 5, 26, 1
3890, Robert Shepherd, johnsonmonica@example.net, 5133599682, 8837269200, 1952, 1, 3, 0
3891, Robert Shepherd, gregoryhanson@example.net, 2041106983, 1615132871, 1951, 1, 9, 1
3892, Robert Shepherd, qrichmond@example.org, 8823154459, 1142138230, 1983, 8, 13, 1
3893, Robert Shepherd, wdavies@example.net, 6497578763, 4942981065, 1966, 12, 6, 0
3894, Robert Shepherd, brooksrachel@example.com, 3409129846, 5567448987, 1998, 11, 27, 0
3895, Robert Shepherd, joseph25@example.net, 2195559066, 1722497832, 1933, 4, 26, 0
3896, Robert Shepherd, gregorymcbride@example.net, 3977972726, 8393943409, 1957, 4, 8, 0
3897, Robert Shepherd, fbuchanan@example.com, 6627242147, 3420963255, 1973, 11, 26, 1
3898, Robert Shepherd, brendabass@example.net, 8589588873, 4688987948, 1995, 2, 15, 0
3899, Robert Shepherd, kathleen08@example.org, 7763891730, 6861627134, 1991, 5, 23, 0
3900, Robert Shepherd, asims@example.org, 1420945092, 8013073752, 2003, 4, 29, 0
3901, Robert Shepherd, heather04@example.org, 7152207251, 1048130432, 1962, 7, 30, 0
3902, Robert Shepherd, campbellmaurice@example.org, 5770607973, 2367327400, 1992, 11, 14, 0
3903, Robert Shepherd, bryankathryn@example.org, 4881323618, 7304539626, 1966, 4, 30, 0
3904, Robert Shepherd, cwade@example.org, 3344256727, 1069639877, 1970, 8, 24, 1
3905, Robert Shepherd, yoconnell@example.org, 7933051770, 5272983483, 1984, 2, 22, 1
3906, Robert Shepherd, fwalker@example.net, 4916011424, 2132335696, 1938, 6, 2, 0
3907, Robert Shepherd, nicole32@example.org, 6362072670, 8249497915, 1926, 2, 9, 0
3908, Robert Shepherd, ryan50@example.com, 1617987113, 4052893318, 1947, 10, 29, 1
3909, Robert Shepherd, eford@example.org, 3569697866, 3653128766, 1933, 1, 20, 1
3910, Robert Shepherd, jamesvalenzuela@example.org, 4913643662, 4134560425, 1995, 3, 12, 0
3911, Robert Shepherd, martinezcindy@example.com, 5157792873, 8915541054, 1943, 5, 24, 0
3912, Robert Shepherd, ischroeder@example.org, 6398199990, 2735270167, 1970, 5, 25, 0
3913, Robert Shepherd, emily23@example.org, 6613014382, 6096798802, 1967, 10, 8, 0
3914, Robert Shepherd, waltersrebecca@example.net, 2551554903, 4940536781, 1964, 8, 11, 1
3915, Robert Shepherd, jonathon51@example.com, 7813097152, 8971160871, 1972, 7, 11, 1
3916, Robert Shepherd, josephwebb@example.net, 4744294771, 4630658059, 2006, 4, 28, 1
3917, Robert Shepherd, jacquelinereynolds@example.com, 5520143944, 8996590049, 1980, 9, 2, 1
3918, Robert Shepherd, jenniferbrown@example.org, 3773575730, 4632036369, 1995, 2, 16, 0
3919, Robert Shepherd, rebeccaescobar@example.net, 6536144964, 5999244406, 1988, 3, 15, 0
3920, Robert Shepherd, leonardtaylor@example.org, 1439987481, 3671908239, 1925, 5, 30, 1
3921, Robert Shepherd, zbautista@example.org, 5037181459, 2697230025, 2007, 7, 16, 0
3922, Robert Shepherd, reyesmichael@example.net, 1104617794, 4715177009, 1977, 8, 28, 0
3923, Robert Shepherd, bryanharding@example.net, 8287928784, 4043769394, 1936, 12, 30, 1
3924, Robert Shepherd, camachofernando@example.net, 7830787508, 1853111005, 1997, 7, 3, 0
3925, Robert Shepherd, wsellers@example.net, 7074645087, 2506805639, 1991, 7, 27, 0
3926, Robert Shepherd, edwardsjack@example.org, 5433867954, 7892450669, 1982, 1, 21, 1
3927, Robert Shepherd, amyfowler@example.org, 5325705922, 5858748116, 1983, 7, 4, 1
3928, Robert Shepherd, davisryan@example.com, 5544749082, 3363368106, 1991, 3, 14, 1
3929, Robert Shepherd, garcianicholas@example.com, 1310606513, 3232930828, 1944, 10, 28, 1
3930, Robert Shepherd, jkelley@example.net, 3513534143, 4879395327, 1963, 9, 17, 1
3931, Robert Shepherd, nmoore@example.com, 8249497117, 4340181657, 1940, 3, 25, 1
3932, Robert Shepherd, leesarah@example.com, 2567455738, 8524968589, 1929, 7, 15, 1
3933, Robert Shepherd, mmcintyre@example.com, 4852469202, 4170482051, 1952, 11, 9, 1
3934, Robert Shepherd, stephanieparks@example.org, 3142602403, 8310987001, 1985, 2, 10, 1
3935, Robert Shepherd, briandunn@example.com, 2139466982, 3627093287, 1948, 5, 17, 0
3936, Robert Shepherd, newmanglenda@example.com, 4966836847, 7710127310, 1990, 6, 5, 1
3937, Robert Shepherd, robertrodriguez@example.com, 6477853131, 5341070195, 2005, 12, 26, 0
3938, Robert Shepherd, kristina35@example.com, 7103744254, 5388069360, 1981, 9, 3, 1
3939, Robert Shepherd, zgates@example.org, 6594345179, 4414203871, 1970, 2, 7, 1
3940, Robert Shepherd, timothyhaynes@example.org, 7501218576, 5488055479, 1945, 7, 12, 0
3941, Robert Shepherd, stevenmiller@example.com, 1919074025, 8789892216, 1939, 1, 1, 1
3942, Robert Shepherd, batespeter@example.org, 1749446813, 8030529278, 1961, 7, 28, 0
3943, Robert Shepherd, mitchellalan@example.com, 3534720729, 7094164612, 1956, 12, 3, 0
3944, Robert Shepherd, pwillis@example.net, 1912217409, 6187132814, 1967, 8, 13, 1
3945, Robert Shepherd, ysmith@example.net, 3802294830, 2815864799, 1956, 12, 13, 0
3946, Robert Shepherd, dominic38@example.net, 6573293450, 8745619250, 1947, 11, 26, 0
3947, Robert Shepherd, jessica46@example.com, 2981335706, 2651991248, 1991, 11, 9, 1
3948, Robert Shepherd, danielle36@example.org, 5042315621, 1468836757, 1994, 1, 20, 1
3949, Robert Shepherd, lance14@example.org, 8823148614, 6325387425, 1953, 8, 10, 1
3950, Robert Shepherd, elizabeth31@example.org, 3569761001, 1766834248, 1991, 5, 14, 1
3951, Robert Shepherd, james17@example.net, 4204719290, 4247657011, 1962, 10, 28, 0
3952, Robert Shepherd, alarson@example.org, 5986507008, 3051520757, 1953, 12, 7, 1
3953, Robert Shepherd, elizabethbennett@example.com, 4852340086, 4639897366, 1960, 4, 24, 0
3954, Robert Shepherd, joannafuller@example.com, 8282368662, 5922099722, 1965, 3, 3, 1
3955, Robert Shepherd, paul77@example.net, 2755354129, 7911760239, 1983, 7, 25, 1
3956, Robert Shepherd, gponce@example.org, 7849397965, 6137063217, 1943, 6, 21, 1
3957, Robert Shepherd, kleinnatalie@example.com, 6936825667, 1812626484, 1938, 3, 23, 0
3958, Robert Shepherd, justin12@example.org, 6029678988, 5659859030, 1969, 1, 4, 1
3959, Robert Shepherd, james32@example.net, 7364950984, 8677511709, 2006, 2, 27, 0
3960, Robert Shepherd, fperez@example.com, 5104969718, 7934980392, 1932, 8, 27, 1
3961, Robert Shepherd, william14@example.net, 3891818368, 4455483843, 1943, 2, 8, 0
3962, Robert Shepherd, flemingchristine@example.org, 3718063784, 1192027127, 1945, 3, 2, 1
3963, Robert Shepherd, antoniofigueroa@example.net, 5867940022, 1840131319, 1983, 9, 20, 1
3964, Robert Shepherd, marcus54@example.net, 4583960604, 1112535623, 1970, 7, 16, 0
3965, Robert Shepherd, hollygoodman@example.net, 1259842351, 2865714247, 1958, 11, 11, 0
3966, Robert Shepherd, lalvarez@example.org, 2436859360, 6640910451, 1962, 6, 24, 0
3967, Robert Shepherd, alyssapayne@example.com, 3251437943, 7297488992, 1947, 2, 15, 1
3968, Robert Shepherd, ijones@example.org, 3624696584, 5907560159, 1953, 2, 12, 1
3969, Robert Shepherd, bblevins@example.com, 6301651695, 7105127304, 1960, 3, 4, 1
3970, Robert Shepherd, robertsrichard@example.com, 2485397536, 8123290996, 1929, 3, 3, 0
3971, Robert Shepherd, goldenteresa@example.org, 3958402600, 6342444743, 1959, 7, 25, 0
3972, Robert Shepherd, margarethiggins@example.org, 3701251810, 4749579156, 1954, 8, 29, 1
3973, Robert Shepherd, barbara81@example.com, 8460895043, 7792282522, 1944, 4, 8, 0
3974, Robert Shepherd, marquezjaclyn@example.org, 8290206359, 6491585439, 1985, 12, 28, 0
3975, Robert Shepherd, khale@example.com, 7947960522, 1300130250, 1947, 5, 5, 0
3976, Robert Shepherd, cmorgan@example.com, 6766647231, 7367776615, 1931, 5, 18, 0
3977, Robert Shepherd, rfloyd@example.net, 3205680385, 8415409120, 1991, 7, 27, 0
3978, Robert Shepherd, howardtaylor@example.com, 7898643207, 5314368393, 1932, 7, 17, 0
3979, Robert Shepherd, ahart@example.com, 6324770812, 6804931632, 1936, 5, 18, 1
3980, Robert Shepherd, miguelrivera@example.net, 4911250371, 3418776438, 1957, 11, 5, 0
3981, Robert Shepherd, chavezjoseph@example.com, 7173502511, 1300405083, 1961, 4, 14, 1
3982, Robert Shepherd, littledanielle@example.org, 7775092951, 1015974475, 1995, 4, 27, 1
3983, Robert Shepherd, melvin50@example.net, 4573070465, 6165492756, 1951, 9, 7, 0
3984, Robert Shepherd, aguilarmatthew@example.net, 3343959948, 2738882387, 1981, 10, 20, 0
3985, Robert Shepherd, jamesbishop@example.org, 5498071805, 7177874746, 1926, 4, 17, 0
3986, Robert Shepherd, hortondonald@example.com, 6302757029, 7874802931, 1940, 11, 1, 0
3987, Robert Shepherd, jessicacross@example.com, 6780049589, 3803426623, 1926, 2, 12, 1
3988, Robert Shepherd, combserik@example.net, 5040587567, 5149718418, 1994, 2, 6, 1
3989, Robert Shepherd, baxteralison@example.net, 8830820529, 7499926550, 1967, 8, 24, 0
3990, Robert Shepherd, ostout@example.org, 4670054080, 6006830502, 1943, 7, 17, 0
3991, Robert Shepherd, catherine80@example.org, 1424303616, 5972216769, 1985, 8, 7, 1
3992, Robert Shepherd, amy31@example.org, 3135336421, 8006506173, 1941, 12, 17, 1
3993, Robert Shepherd, colonvincent@example.net, 6634817789, 1587105623, 1939, 11, 17, 0
3994, Robert Shepherd, ocarr@example.org, 1424212243, 3711879605, 1993, 12, 5, 1
3995, Robert Shepherd, warrendominique@example.org, 8870505379, 3760139181, 2002, 10, 22, 1
3996, Robert Shepherd, alexandrabenson@example.org, 7599416355, 5998052409, 1977, 6, 29, 0
3997, Robert Shepherd, greeneallison@example.org, 1840723249, 4513277352, 1984, 3, 25, 0
3998, Robert Shepherd, wardbrian@example.net, 5843301669, 5212603501, 1996, 11, 26, 1
3999, Robert Shepherd, cindy38@example.net, 8930905564, 8449429943, 1954, 1, 9, 0
4000, Robert Shepherd, lwatkins@example.com, 2738535035, 2957205569, 1935, 1, 17, 1
4001, Robert Shepherd, michaelhill@example.com, 3527239604, 4328643230, 1984, 10, 9, 0
4002, Robert Shepherd, kendraallen@example.com, 7893724412, 8234055812, 1975, 5, 29, 1
4003, Robert Shepherd, wilsonvanessa@example.org, 3839584083, 3331104916, 2003, 4, 10, 0
4004, Robert Shepherd, stephenjohnson@example.net, 7679470540, 4005180078, 1936, 2, 17, 0
4005, Robert Shepherd, eric64@example.net, 3790038552, 7154266286, 1944, 10, 21, 1
4006, Robert Shepherd, pearsonkim@example.com, 6171339766, 6235220922, 1949, 5, 20, 1
4007, Robert Shepherd, kara71@example.org, 8857434817, 5755556456, 1982, 10, 1, 0
4008, Robert Shepherd, jonathanmendez@example.org, 3128542260, 1724513032, 1960, 5, 25, 1
4009, Robert Shepherd, carterbrianna@example.org, 3532834483, 6330932213, 1963, 9, 1, 1
4010, Robert Shepherd, thomasarnold@example.com, 2057485123, 5937401504, 1926, 11, 29, 1
4011, Robert Shepherd, wilsonamanda@example.com, 5046188273, 8974996404, 1927, 6, 25, 1
4012, Robert Shepherd, lisasmith@example.net, 1688500170, 1049181701, 1995, 1, 10, 0
4013, Robert Shepherd, juandavis@example.org, 5133478517, 2973614148, 1972, 4, 21, 0
4014, Robert Shepherd, jasmine69@example.com, 6756920101, 6049373639, 1927, 8, 25, 1
4015, Robert Shepherd, sedwards@example.org, 6189499318, 5666590125, 1956, 6, 7, 0
4016, Robert Shepherd, nathanrobbins@example.net, 4065309508, 7772559262, 1984, 3, 16, 0
4017, Robert Shepherd, tthompson@example.net, 6017972647, 2979631982, 1967, 3, 6, 1
4018, Robert Shepherd, glovermichael@example.org, 4588026799, 6931823892, 1936, 6, 27, 0
4019, Robert Shepherd, qlloyd@example.com, 7252010539, 5018745875, 1997, 2, 20, 1
4020, Robert Shepherd, usmith@example.com, 3010347149, 5999123505, 1955, 9, 29, 1
4021, Robert Shepherd, jarvisangela@example.net, 6641795150, 8083717851, 1984, 3, 8, 1
4022, Robert Shepherd, haleynancy@example.net, 5596524500, 5350966565, 1962, 9, 26, 0
4023, Robert Shepherd, heatherlee@example.net, 5506701244, 7494335956, 2006, 1, 21, 0
4024, Robert Shepherd, charles02@example.org, 2708688843, 7558520923, 1953, 1, 5, 0
4025, Robert Shepherd, mary85@example.net, 2413830769, 3321200129, 1930, 4, 18, 0
4026, Robert Shepherd, tracy13@example.net, 4336331821, 4370245691, 1933, 10, 25, 0
4027, Robert Shepherd, josephmartin@example.org, 2110377419, 3539830183, 2000, 2, 11, 0
4028, Robert Shepherd, nclark@example.com, 2000093252, 8071858270, 1981, 7, 6, 0
4029, Robert Shepherd, milesvicki@example.com, 1952185689, 6045942511, 1973, 5, 21, 0
4030, Robert Shepherd, stewartwendy@example.net, 1360376236, 4077503679, 1942, 6, 14, 1
4031, Robert Shepherd, geoffrey66@example.org, 4782886677, 5690578787, 1954, 5, 1, 1
4032, Robert Shepherd, rodney95@example.com, 8458816894, 5115193724, 1930, 1, 26, 0
4033, Robert Shepherd, davidtrujillo@example.org, 3561596492, 6120546444, 1956, 11, 26, 1
4034, Robert Shepherd, yvette50@example.net, 6750691037, 2543191016, 1959, 3, 1, 1
4035, Robert Shepherd, jonesdawn@example.com, 1811414310, 8316452635, 1999, 9, 15, 1
4036, Robert Shepherd, rromero@example.com, 6635083939, 4717252871, 1955, 10, 11, 0
4037, Robert Shepherd, powellsabrina@example.com, 7156611957, 2439727235, 1988, 11, 25, 0
4038, Robert Shepherd, xhill@example.net, 2723254743, 8481181413, 1991, 11, 19, 1
4039, Robert Shepherd, ihudson@example.com, 4265095720, 7219437476, 1929, 4, 13, 0
4040, Robert Shepherd, markgraves@example.org, 5106802126, 7277340869, 1989, 12, 24, 1
4041, Robert Shepherd, kimhenry@example.net, 1192493966, 4610843549, 1993, 5, 29, 0
4042, Robert Shepherd, smithkari@example.org, 3884555637, 2293127389, 1993, 11, 7, 0
4043, Robert Shepherd, hoffmantristan@example.com, 8240628873, 1059884947, 1992, 12, 11, 0
4044, Robert Shepherd, barry21@example.org, 1342247843, 4122116944, 1982, 4, 6, 0
4045, Robert Shepherd, erinfrench@example.net, 7650933824, 8298240458, 1927, 11, 15, 1
4046, Robert Shepherd, shelly77@example.net, 6337112620, 2955325092, 1957, 10, 7, 1
4047, Robert Shepherd, ojones@example.com, 7736096234, 2246862302, 1943, 6, 24, 1
4048, Robert Shepherd, floresjames@example.net, 4939479739, 4100380506, 1959, 8, 23, 1
4049, Robert Shepherd, kathleencarey@example.com, 7470919775, 6598109405, 1946, 4, 11, 0
4050, Robert Shepherd, erichughes@example.net, 8357655529, 1766604130, 1978, 2, 2, 0
4051, Robert Shepherd, ellenwilliamson@example.org, 4679567266, 8499317576, 1958, 1, 27, 1
4052, Robert Shepherd, kathrynlopez@example.org, 4603423282, 3215087164, 1929, 9, 23, 1
4053, Robert Shepherd, amanda69@example.org, 7409586638, 4364808162, 1952, 4, 15, 1
4054, Robert Shepherd, scottturner@example.net, 3167757440, 3585511576, 1996, 10, 12, 1
4055, Robert Shepherd, tina07@example.org, 4993260030, 5021188257, 1929, 7, 24, 0
4056, Robert Shepherd, jeanne74@example.com, 2223406761, 4296196286, 1977, 5, 22, 1
4057, Robert Shepherd, roberthernandez@example.net, 4789118936, 5299227544, 1985, 1, 3, 0
4058, Robert Shepherd, ldawson@example.org, 7060937547, 4720329152, 1959, 4, 28, 0
4059, Robert Shepherd, oboyle@example.org, 2632865224, 2327733933, 1963, 4, 29, 1
4060, Robert Shepherd, lyonssherri@example.com, 8247565680, 7405965892, 1931, 6, 27, 1
4061, Robert Shepherd, alicia73@example.com, 8915714436, 3302240344, 1948, 9, 16, 1
4062, Robert Shepherd, zwilkins@example.net, 2256062758, 5021692393, 1993, 7, 12, 1
4063, Robert Shepherd, pamela60@example.com, 1360185437, 8119659083, 2006, 4, 25, 0
4064, Robert Shepherd, gail05@example.org, 3098364841, 2072399257, 2000, 9, 2, 1
4065, Robert Shepherd, hproctor@example.org, 4590983586, 1950387875, 1995, 11, 10, 0
4066, Robert Shepherd, porterdaniel@example.org, 3968914580, 4726369004, 1944, 6, 4, 0
4067, Robert Shepherd, timothyhenderson@example.net, 6804198156, 3065196803, 1973, 10, 4, 1
4068, Robert Shepherd, stacylarsen@example.net, 4073551381, 4891087801, 1936, 3, 21, 0
4069, Robert Shepherd, hannah30@example.com, 2658080391, 8847756171, 1954, 9, 24, 0
4070, Robert Shepherd, angelawilliams@example.net, 8738025057, 1404200030, 1931, 11, 30, 1
4071, Robert Shepherd, tbaker@example.org, 8387468210, 3687594773, 1944, 5, 14, 1
4072, Robert Shepherd, diane25@example.net, 5244775046, 2493061414, 2004, 1, 5, 0
4073, Robert Shepherd, curtisthornton@example.net, 4011880493, 4327704454, 1936, 5, 19, 0
4074, Robert Shepherd, hannasheila@example.net, 5955053413, 2699761552, 1947, 2, 1, 1
4075, Robert Shepherd, rodgerswilliam@example.org, 7848159788, 7558294920, 1976, 1, 19, 1
4076, Robert Shepherd, scott60@example.org, 8976475747, 3875317678, 1931, 5, 31, 0
4077, Robert Shepherd, derekcook@example.org, 2687828259, 3142621471, 1997, 10, 6, 0
4078, Robert Shepherd, megansanchez@example.org, 1223115586, 6661123135, 1997, 7, 13, 0
4079, Robert Shepherd, garciaangie@example.com, 2486573693, 8946845701, 1960, 4, 9, 0
4080, Robert Shepherd, boonestephanie@example.net, 7225988599, 5405312989, 1971, 12, 11, 1
4081, Robert Shepherd, michellepatterson@example.net, 4681194865, 2310130219, 1951, 1, 2, 0
4082, Robert Shepherd, matthew68@example.net, 3134180745, 4074511951, 1972, 10, 31, 0
4083, Robert Shepherd, michaelrusso@example.org, 1265535862, 2674968673, 2002, 4, 26, 1
4084, Robert Shepherd, ortegacourtney@example.net, 8949179174, 5771512106, 1949, 9, 15, 1
4085, Robert Shepherd, gonzalesmargaret@example.net, 4037833212, 2951561199, 1970, 4, 10, 0
4086, Robert Shepherd, david82@example.net, 2935553806, 2243900336, 2001, 5, 18, 0
4087, Robert Shepherd, daniel44@example.com, 5197206825, 7510196462, 1968, 12, 6, 0
4088, Robert Shepherd, james65@example.org, 3814044943, 2719855084, 1962, 3, 10, 1
4089, Robert Shepherd, brent72@example.net, 6473749220, 3585986156, 1944, 8, 13, 1
4090, Robert Shepherd, wrightjames@example.com, 1013218746, 1629213648, 1927, 4, 2, 1
4091, Robert Shepherd, josephnorman@example.org, 4085430301, 2224346059, 1945, 4, 14, 1
4092, Robert Shepherd, jenkinsadam@example.org, 6002674984, 3928172430, 1961, 5, 30, 1
4093, Robert Shepherd, charlesmcintyre@example.org, 8302305577, 5054643774, 1968, 6, 28, 1
4094, Robert Shepherd, jmiller@example.net, 7756841230, 6864613085, 1988, 2, 21, 1
4095, Robert Shepherd, jonespatricia@example.com, 3238254689, 2426427794, 1998, 8, 19, 0
4096, Robert Shepherd, evansmichael@example.com, 3901392268, 8368404615, 1946, 12, 26, 1
4097, Robert Shepherd, caitlyngutierrez@example.org, 4414793813, 7455593336, 1969, 3, 1, 0
4098, Robert Shepherd, iblair@example.com, 6686657696, 2664609429, 1993, 8, 26, 0
4099, Robert Shepherd, wuamanda@example.net, 1751640630, 7393722668, 1963, 11, 4, 1
4100, Robert Shepherd, nicholasmichael@example.net, 4690009698, 6680344903, 1965, 5, 24, 1
4101, Robert Shepherd, otaylor@example.com, 5645875290, 3251776895, 1998, 12, 28, 0
4102, Robert Shepherd, dickersonjustin@example.org, 1134653885, 1345079270, 1998, 12, 28, 0
4103, Robert Shepherd, oliverdominique@example.org, 4156758714, 1053501452, 1950, 12, 23, 0
4104, Robert Shepherd, katie21@example.com, 8066958054, 3104283759, 1965, 4, 7, 0
4105, Robert Shepherd, zacharyjones@example.com, 6352280278, 1686478742, 1988, 1, 8, 0
4106, Robert Shepherd, susancuevas@example.org, 7606465987, 5904684976, 1925, 2, 9, 1
4107, Robert Shepherd, devans@example.org, 5102141103, 1994130603, 1942, 10, 25, 0
4108, Robert Shepherd, dannyhoward@example.net, 2172454763, 5794321607, 1982, 7, 27, 0
4109, Robert Shepherd, amandaolson@example.org, 6145838037, 5852281267, 1934, 2, 1, 0
4110, Robert Shepherd, padillalisa@example.com, 5018787523, 2473357743, 2006, 12, 2, 0
4111, Robert Shepherd, debra82@example.org, 3855884044, 6391103301, 2003, 3, 25, 0
4112, Robert Shepherd, rachelyu@example.com, 3176389404, 3944865043, 1974, 5, 20, 0
4113, Robert Shepherd, parkerjulie@example.org, 4276385783, 3557939616, 1958, 9, 15, 1
4114, Robert Shepherd, marissa12@example.com, 1007318394, 8908568922, 1926, 9, 5, 1
4115, Robert Shepherd, kerri05@example.org, 5275811245, 8086062544, 1934, 3, 5, 0
4116, Robert Shepherd, amandamorris@example.org, 2962303131, 2520393871, 1964, 1, 7, 1
4117, Robert Shepherd, matthew43@example.net, 7942429424, 1579437761, 1960, 8, 1, 1
4118, Robert Shepherd, harrischristine@example.net, 8497453693, 5618518073, 1979, 12, 29, 0
4119, Robert Shepherd, pattersongail@example.com, 6387707977, 4781877174, 1945, 2, 7, 1
4120, Robert Shepherd, paul38@example.net, 6994761869, 5356706319, 1957, 7, 3, 1
4121, Robert Shepherd, theresa86@example.org, 5872759513, 1034993699, 2003, 10, 30, 1
4122, Robert Shepherd, julielevine@example.com, 2186348746, 1210229357, 1959, 6, 11, 1
4123, Robert Shepherd, cameron13@example.com, 6670959456, 1521758352, 1970, 9, 10, 1
4124, Robert Shepherd, deanna01@example.net, 3967380188, 2681604722, 1965, 5, 16, 1
4125, Robert Shepherd, kevinmacdonald@example.com, 3746820984, 5744776047, 1989, 11, 29, 0
4126, Robert Shepherd, spencer74@example.net, 7172578992, 3153021829, 1979, 9, 27, 0
4127, Robert Shepherd, ryanmaldonado@example.com, 8983979333, 5606144782, 1945, 12, 21, 1
4128, Robert Shepherd, tiffanyperez@example.org, 1374735876, 5180960190, 1988, 9, 15, 0
4129, Robert Shepherd, pamelamorgan@example.net, 7543189350, 5828395860, 1965, 2, 6, 1
4130, Robert Shepherd, johnsonjonathan@example.org, 6641308063, 5864281571, 1972, 5, 5, 0
4131, Robert Shepherd, juanmiranda@example.org, 1696401271, 8720290591, 1995, 12, 14, 1
4132, Robert Shepherd, mendozaalexander@example.org, 3058208641, 3538111072, 1963, 5, 30, 1
4133, Robert Shepherd, sharijenkins@example.net, 8825957127, 7678998697, 1949, 10, 21, 1
4134, Robert Shepherd, eric34@example.com, 5908741270, 3201534286, 1947, 8, 3, 0
4135, Robert Shepherd, shieldschristina@example.net, 4376725325, 7515584209, 1959, 11, 27, 1
4136, Robert Shepherd, james80@example.com, 7294618303, 7266347579, 1932, 6, 3, 0
4137, Robert Shepherd, smiththomas@example.net, 2796255891, 6701064266, 1939, 10, 17, 0
4138, Robert Shepherd, wilsontrevor@example.com, 1875312948, 8538808194, 1946, 4, 2, 0
4139, Robert Shepherd, jochoa@example.net, 3663229289, 1335129727, 1977, 1, 27, 0
4140, Robert Shepherd, manuel21@example.com, 5153596459, 7859753247, 1931, 5, 1, 0
4141, Robert Shepherd, gmoore@example.com, 7097850803, 4815902454, 1961, 1, 31, 1
4142, Robert Shepherd, cochranashley@example.org, 2330306180, 8262889043, 1947, 6, 25, 0
4143, Robert Shepherd, austin10@example.net, 2116669009, 1796885968, 1974, 1, 15, 1
4144, Robert Shepherd, edwardsroberto@example.net, 6131043427, 6632648294, 1970, 8, 19, 1
4145, Robert Shepherd, psmith@example.net, 8751063236, 2061150876, 1973, 1, 8, 1
4146, Robert Shepherd, sullivanjoyce@example.com, 1698107880, 2049795161, 1927, 5, 27, 0
4147, Robert Shepherd, oedwards@example.net, 7136656965, 3110618160, 1998, 8, 9, 1
4148, Robert Shepherd, hollyflores@example.net, 8987706763, 4789574032, 1983, 10, 6, 1
4149, Robert Shepherd, matthew57@example.org, 3297287827, 3605208150, 1985, 8, 24, 0
4150, Robert Shepherd, johnsonmallory@example.com, 5704219643, 3373350879, 1977, 4, 4, 0
4151, Robert Shepherd, smithcynthia@example.net, 4243020437, 7774282277, 1963, 4, 23, 0
4152, Robert Shepherd, normaharrington@example.net, 4512886520, 6139970864, 1942, 10, 1, 1
4153, Robert Shepherd, hdouglas@example.org, 6937532090, 5983113010, 2004, 1, 19, 0
4154, Robert Shepherd, antoniobailey@example.org, 8940263640, 8220947851, 1963, 4, 29, 1
4155, Robert Shepherd, isaac94@example.net, 5180895488, 5898126216, 1937, 2, 11, 0
4156, Robert Shepherd, hleblanc@example.net, 6585417437, 3087009851, 1951, 12, 3, 0
4157, Robert Shepherd, kelly27@example.com, 8705154731, 4192483815, 1997, 9, 24, 1
4158, Robert Shepherd, oroberts@example.com, 4001552379, 6029801334, 1961, 4, 13, 0
4159, Robert Shepherd, colton71@example.com, 5702822383, 1431906814, 1941, 5, 27, 1
4160, Robert Shepherd, johnbeck@example.net, 6125457445, 1079960028, 1979, 1, 13, 1
4161, Robert Shepherd, wnichols@example.net, 2121763792, 8531117970, 1938, 10, 4, 0
4162, Robert Shepherd, rachaelcarpenter@example.org, 7549647357, 1227197755, 1937, 10, 18, 0
4163, Robert Shepherd, victoriakane@example.net, 4584785278, 6340392197, 1951, 10, 26, 1
4164, Robert Shepherd, dadams@example.net, 8812772387, 8202645908, 1948, 11, 2, 1
4165, Robert Shepherd, osheppard@example.com, 6973586170, 7782493922, 1963, 5, 18, 1
4166, Robert Shepherd, nicholas91@example.com, 4054405524, 6584207571, 1984, 12, 8, 0
4167, Robert Shepherd, robertsonmatthew@example.org, 8062193002, 7811933498, 1994, 1, 18, 1
4168, Robert Shepherd, karengriffin@example.net, 4029353552, 4462459700, 1951, 11, 25, 0
4169, Robert Shepherd, james64@example.net, 7769604857, 1078197204, 1981, 10, 1, 0
4170, Robert Shepherd, jacksonstacie@example.net, 5732069162, 4849906040, 2000, 4, 10, 1
4171, Robert Shepherd, devin10@example.net, 1595945101, 4076862935, 1951, 10, 16, 1
4172, Robert Shepherd, lauraconner@example.com, 6913975876, 2282732964, 1971, 11, 20, 0
4173, Robert Shepherd, luismills@example.com, 6541035497, 8660692274, 1979, 11, 12, 0
4174, Robert Shepherd, jgreen@example.com, 1289215204, 8583562540, 1932, 11, 1, 0
4175, Robert Shepherd, haileysalas@example.net, 7775538665, 8520661877, 1941, 7, 10, 1
4176, Robert Shepherd, allisonflowers@example.org, 8444259170, 6585840725, 1924, 10, 22, 0
4177, Robert Shepherd, kmedina@example.com, 7097712401, 7847144603, 2001, 12, 21, 0
4178, Robert Shepherd, jlin@example.com, 4822371102, 2800282062, 1933, 3, 31, 1
4179, Robert Shepherd, elizabethflores@example.org, 4414552072, 2343792038, 1962, 5, 19, 0
4180, Robert Shepherd, tgoodman@example.com, 5395111339, 5865726420, 1945, 6, 4, 0
4181, Robert Shepherd, nhernandez@example.org, 3364216608, 4519240222, 1972, 5, 15, 1
4182, Robert Shepherd, dmiller@example.org, 6171332875, 8547225335, 1980, 7, 14, 1
4183, Robert Shepherd, davidsmith@example.com, 5429665886, 6448612815, 2002, 1, 17, 1
4184, Robert Shepherd, tomlewis@example.net, 6702004497, 4460706941, 1927, 6, 23, 0
4185, Robert Shepherd, christopher18@example.org, 4625986867, 8126203191, 1953, 5, 25, 1
4186, Robert Shepherd, vlawrence@example.org, 1083796396, 8606172021, 1924, 9, 17, 1
4187, Robert Shepherd, wrightluis@example.net, 1932902903, 1405390867, 2007, 4, 22, 1
4188, Robert Shepherd, rachel04@example.net, 1869556700, 7311624425, 1971, 6, 30, 1
4189, Robert Shepherd, terri74@example.org, 2310370394, 5575280801, 1947, 4, 14, 0
4190, Robert Shepherd, bjohnson@example.org, 3543991909, 4749129580, 1942, 2, 22, 1
4191, Robert Shepherd, moorepriscilla@example.net, 6587048235, 5942203919, 1995, 2, 23, 1
4192, Robert Shepherd, paulmcdaniel@example.org, 4772472493, 4225180813, 1964, 6, 11, 0
4193, Robert Shepherd, jacquelinejones@example.org, 2681248450, 6172958642, 1991, 12, 1, 0
4194, Robert Shepherd, johnsonkendra@example.com, 8539983131, 6256178448, 1926, 1, 26, 0
4195, Robert Shepherd, michael85@example.net, 5646412534, 4847324298, 1967, 6, 26, 1
4196, Robert Shepherd, kaitlynharrison@example.com, 7457100510, 8676445787, 1972, 10, 23, 0
4197, Robert Shepherd, kirkrhonda@example.net, 4365856291, 8111918816, 2004, 10, 20, 0
4198, Robert Shepherd, james75@example.net, 1484504185, 3122953492, 1927, 3, 31, 1
4199, Robert Shepherd, michaeltaylor@example.net, 6780015761, 6154088550, 1938, 2, 5, 0
4200, Robert Shepherd, ctaylor@example.net, 8311515760, 3018348245, 1991, 2, 19, 0
4201, Robert Shepherd, katherine81@example.org, 7462123938, 8308532970, 1976, 3, 7, 1
4202, Robert Shepherd, ronaldweiss@example.org, 6267320169, 6003190525, 1945, 9, 9, 1
4203, Robert Shepherd, coleveronica@example.net, 4055506636, 7591825315, 1934, 12, 17, 1
4204, Robert Shepherd, warnermichael@example.org, 5093508805, 1824352811, 2000, 5, 8, 1
4205, Robert Shepherd, kylejackson@example.net, 4655448886, 8521510234, 1948, 12, 30, 0
4206, Robert Shepherd, derrickcardenas@example.net, 2990641116, 6835487761, 1993, 3, 5, 1
4207, Robert Shepherd, rachelmelendez@example.org, 7901350655, 5462973981, 1959, 7, 14, 0
4208, Robert Shepherd, robert16@example.com, 1317631087, 6900203039, 1985, 11, 24, 1
4209, Robert Shepherd, fwatson@example.org, 4934919509, 8922225196, 1999, 11, 28, 0
4210, Robert Shepherd, diana51@example.com, 8164271032, 3544979140, 1929, 12, 22, 1
4211, Robert Shepherd, wyattmorales@example.net, 4117128230, 4739675930, 1981, 5, 10, 1
4212, Robert Shepherd, hayley14@example.net, 3555879968, 1301041231, 2000, 5, 21, 1
4213, Robert Shepherd, richardparker@example.com, 7130431337, 8186103052, 1944, 3, 10, 1
4214, Robert Shepherd, petersonpaul@example.org, 3613789754, 8562487963, 1937, 3, 27, 1
4215, Robert Shepherd, gserrano@example.org, 3672870967, 7854223110, 1992, 7, 29, 0
4216, Robert Shepherd, tiffany69@example.org, 5237793345, 8049851828, 1955, 4, 11, 1
4217, Robert Shepherd, johnwashington@example.net, 7815440321, 3306634176, 1984, 8, 19, 0
4218, Robert Shepherd, stephanie04@example.com, 8048247849, 6185136692, 1999, 2, 28, 1
4219, Robert Shepherd, gary49@example.com, 3546924340, 1267425241, 1971, 6, 1, 1
4220, Robert Shepherd, brittany04@example.org, 8418558822, 1615375313, 1943, 9, 19, 0
4221, Robert Shepherd, james65@example.net, 4275651671, 5472692484, 1929, 6, 21, 1
4222, Robert Shepherd, james30@example.net, 7986786367, 8310297121, 2006, 2, 16, 0
4223, Robert Shepherd, derrickroberts@example.net, 1994708285, 8672173726, 2000, 10, 6, 1
4224, Robert Shepherd, lindsay49@example.net, 5982371179, 2884276809, 1943, 1, 8, 0
4225, Robert Shepherd, michael45@example.org, 3808009786, 2836562900, 1948, 10, 5, 1
4226, Robert Shepherd, jenniferrichardson@example.org, 3642219820, 4430302466, 1958, 6, 16, 0
4227, Robert Shepherd, allenharold@example.org, 2238253149, 4875891563, 1929, 3, 27, 1
4228, Robert Shepherd, nterry@example.com, 8795507142, 8871885776, 1925, 9, 15, 0
4229, Robert Shepherd, dominique03@example.com, 6111516503, 7910964512, 1937, 3, 1, 0
4230, Robert Shepherd, snyderlisa@example.org, 3058014021, 2078116614, 1994, 11, 21, 1
4231, Robert Shepherd, mark05@example.com, 1803914231, 2193524878, 1950, 12, 9, 0
4232, Robert Shepherd, rarnold@example.org, 6640014562, 5565580543, 2006, 6, 13, 0
4233, Robert Shepherd, ithompson@example.com, 6354252008, 2341460141, 1928, 9, 20, 0
4234, Robert Shepherd, nwarren@example.com, 7898878592, 1193596688, 1978, 3, 6, 1
4235, Robert Shepherd, pblack@example.com, 8545925721, 2153534594, 1941, 1, 22, 0
4236, Robert Shepherd, susanbaker@example.net, 6070053820, 8894602085, 1970, 5, 23, 0
4237, Robert Shepherd, christophergibbs@example.org, 8256323891, 2202770606, 1964, 1, 18, 0
4238, Robert Shepherd, xthomas@example.net, 8894680203, 2072577436, 1949, 5, 1, 1
4239, Robert Shepherd, rasmussenrebecca@example.org, 7547667455, 6615360094, 1938, 4, 16, 0
4240, Robert Shepherd, zsmith@example.com, 4414370012, 1978435118, 1998, 9, 23, 1
4241, Robert Shepherd, mmendoza@example.com, 7154232961, 1343730901, 1961, 3, 15, 1
4242, Robert Shepherd, carrollkristina@example.net, 2345852639, 4103648792, 1973, 1, 7, 0
4243, Robert Shepherd, madisonmunoz@example.com, 8859668378, 6089970676, 1971, 8, 14, 1
4244, Robert Shepherd, kfuller@example.com, 3410598955, 5576069193, 1951, 6, 25, 0
4245, Robert Shepherd, scott03@example.org, 1017605286, 4766708733, 2002, 11, 10, 1
4246, Robert Shepherd, ycantrell@example.com, 3133769191, 6080748852, 1931, 5, 30, 0
4247, Robert Shepherd, alec63@example.net, 6039378886, 8033850822, 1960, 12, 9, 1
4248, Robert Shepherd, pmoore@example.com, 7139372931, 2954293398, 2002, 4, 8, 0
4249, Robert Shepherd, olsonmichelle@example.org, 6970326004, 2887017139, 1994, 11, 11, 1
4250, Robert Shepherd, foxwilliam@example.com, 3745906409, 2372878103, 1987, 12, 29, 1
4251, Robert Shepherd, hallcorey@example.org, 4913170759, 3508506960, 1979, 4, 13, 1
4252, Robert Shepherd, jamiewoodard@example.net, 3841508418, 4413859094, 1940, 10, 29, 1
4253, Robert Shepherd, nicholslogan@example.org, 7979689510, 8102315023, 1984, 11, 11, 1
4254, Robert Shepherd, lpena@example.net, 3325114010, 3101563153, 1937, 11, 25, 0
4255, Robert Shepherd, wardvictor@example.com, 1350198369, 3808465201, 1995, 4, 18, 1
4256, Robert Shepherd, kristydouglas@example.net, 3765697837, 4808695016, 1960, 1, 26, 1
4257, Robert Shepherd, tphillips@example.org, 4917205041, 6545638402, 1939, 7, 18, 1
4258, Robert Shepherd, tgardner@example.org, 6542461712, 8219086762, 1945, 8, 9, 1
4259, Robert Shepherd, twiley@example.com, 6122099660, 5924331098, 1935, 5, 30, 0
4260, Robert Shepherd, elizabethwolfe@example.net, 6881579126, 7182553946, 1951, 2, 27, 1
4261, Robert Shepherd, sydneyhernandez@example.net, 4333354181, 3201960012, 1955, 7, 30, 0
4262, Robert Shepherd, mortonkatherine@example.org, 7612038108, 3768228390, 2003, 12, 31, 0
4263, Robert Shepherd, angela70@example.org, 2865233617, 2555357476, 1999, 11, 6, 0
4264, Robert Shepherd, jared67@example.com, 8173115909, 3050318845, 1950, 6, 25, 0
4265, Robert Shepherd, mdavis@example.org, 1355691104, 6833450451, 1954, 9, 25, 1
4266, Robert Shepherd, joethomas@example.com, 6151287281, 1527769425, 1952, 9, 2, 0
4267, Robert Shepherd, jessicanichols@example.org, 8979380530, 4800181258, 1990, 5, 5, 1
4268, Robert Shepherd, robert29@example.net, 7052817916, 5881397260, 1966, 1, 29, 1
4269, Robert Shepherd, ehayden@example.net, 6815239733, 7809263030, 1967, 8, 24, 1
4270, Robert Shepherd, jennifer49@example.org, 7291057057, 3400516499, 1980, 12, 2, 0
4271, Robert Shepherd, shafferkayla@example.net, 3763745646, 1109242425, 1978, 7, 5, 0
4272, Robert Shepherd, dustinthompson@example.com, 3054987138, 8811149145, 2000, 7, 24, 0
4273, Robert Shepherd, susanvega@example.org, 8680327095, 1220273907, 1962, 10, 1, 0
4274, Robert Shepherd, jesse75@example.org, 7490746628, 2813571839, 1956, 11, 17, 1
4275, Robert Shepherd, michaelfreeman@example.net, 6013736735, 5177629572, 1937, 10, 19, 1
4276, Robert Shepherd, glopez@example.com, 4030427247, 4860587023, 2000, 3, 31, 1
4277, Robert Shepherd, anne34@example.org, 2820035984, 6393122943, 1943, 8, 10, 1
4278, Robert Shepherd, anthony15@example.net, 4056235086, 8569838478, 1933, 9, 25, 0
4279, Robert Shepherd, katherine29@example.net, 5691364557, 8455195085, 1981, 6, 10, 0
4280, Robert Shepherd, lynn78@example.net, 8023232690, 1398014835, 1998, 5, 17, 1
4281, Robert Shepherd, xwalker@example.com, 4023776927, 7010061406, 1926, 4, 7, 0
4282, Robert Shepherd, smorales@example.org, 7156103389, 7483163713, 1929, 10, 29, 1
4283, Robert Shepherd, lawsondebra@example.com, 5392641324, 7378691414, 1927, 10, 26, 0
4284, Robert Shepherd, arnoldjennifer@example.org, 6463855175, 8788141090, 1955, 8, 21, 1
4285, Robert Shepherd, sethherring@example.com, 7638966603, 5117960747, 1983, 12, 28, 1
4286, Robert Shepherd, jennifer09@example.com, 4962101101, 3953668876, 1983, 12, 4, 0
4287, Robert Shepherd, mreynolds@example.org, 2296650573, 1676879719, 1965, 5, 31, 1
4288, Robert Shepherd, michellediaz@example.net, 4664751622, 2500851485, 1965, 1, 28, 0
4289, Robert Shepherd, carlosaguilar@example.net, 7609445502, 8508055855, 1974, 1, 6, 0
4290, Robert Shepherd, ronaldcooper@example.org, 7531370595, 5984317704, 1926, 2, 14, 1
4291, Robert Shepherd, hendersonbonnie@example.net, 8096614434, 8479768639, 1926, 1, 10, 1
4292, Robert Shepherd, jacqueline55@example.com, 1408928941, 3145686583, 1956, 4, 11, 0
4293, Robert Shepherd, cjohnson@example.net, 8868743980, 2371264027, 2000, 12, 11, 0
4294, Robert Shepherd, johnsderek@example.com, 8489901489, 7592005652, 1949, 9, 12, 0
4295, Robert Shepherd, normantaylor@example.org, 5944993491, 4011064319, 1968, 7, 9, 1
4296, Robert Shepherd, james70@example.org, 2248177813, 5965250815, 1994, 4, 17, 0
4297, Robert Shepherd, michaelwright@example.net, 4146782193, 2640682083, 1998, 10, 27, 0
4298, Robert Shepherd, velasquezpenny@example.net, 3014498438, 5416874449, 2002, 2, 24, 0
4299, Robert Shepherd, allisonzuniga@example.com, 1208796932, 8884559179, 1990, 6, 12, 0
4300, Robert Shepherd, jerry37@example.org, 6742836421, 2358735136, 2003, 6, 4, 1
4301, Robert Shepherd, alicia50@example.com, 8381111136, 5970642257, 2003, 3, 5, 0
4302, Robert Shepherd, janetolson@example.net, 7791180087, 2475933850, 1927, 3, 4, 0
4303, Robert Shepherd, lindabrown@example.net, 5340697842, 6629875610, 2006, 8, 8, 1
4304, Robert Shepherd, kelseytaylor@example.org, 3002081718, 2204289994, 1934, 10, 26, 1
4305, Robert Shepherd, kathleenpearson@example.net, 8763697509, 2410022899, 1931, 4, 9, 1
4306, Robert Shepherd, underwoodjulia@example.com, 8896039232, 6237482658, 2002, 10, 23, 0
4307, Robert Shepherd, christopherwoodard@example.org, 8046496576, 6268392910, 2002, 11, 2, 1
4308, Robert Shepherd, anthonyowens@example.org, 3542545966, 5873273139, 1954, 12, 15, 0
4309, Robert Shepherd, samantha65@example.com, 2858267348, 4988112479, 1997, 7, 26, 0
4310, Robert Shepherd, zwebb@example.net, 3886954666, 6233000363, 1939, 7, 1, 0
4311, Robert Shepherd, pcasey@example.net, 1605822374, 8559573989, 1943, 2, 6, 1
4312, Robert Shepherd, austin73@example.org, 6424968081, 6183162249, 1946, 8, 30, 0
4313, Robert Shepherd, nwashington@example.com, 4339138667, 4692128719, 1938, 9, 1, 1
4314, Robert Shepherd, harrisnatalie@example.org, 8198961964, 2677375901, 1965, 6, 26, 0
4315, Robert Shepherd, heatherlowe@example.org, 8616498760, 2594184737, 1935, 4, 4, 1
4316, Robert Shepherd, garciamichael@example.net, 3699751706, 8357324231, 1966, 10, 18, 1
4317, Robert Shepherd, jeremy66@example.com, 5805313052, 6273103025, 1929, 11, 22, 0
4318, Robert Shepherd, bwright@example.net, 1083512165, 3498872103, 1952, 6, 30, 0
4319, Robert Shepherd, stevenmoss@example.net, 3275316897, 7378342755, 1949, 12, 21, 1
4320, Robert Shepherd, samuel86@example.org, 8886664716, 5336238585, 1948, 10, 4, 1
4321, Robert Shepherd, jeffery02@example.com, 2898654746, 2431845681, 1963, 12, 7, 0
4322, Robert Shepherd, gkelly@example.com, 5233003400, 8396171675, 1994, 6, 29, 1
4323, Robert Shepherd, adrianknapp@example.net, 3220380846, 5701988733, 1999, 3, 18, 0
4324, Robert Shepherd, karenclark@example.com, 5674713122, 7237342733, 1936, 11, 9, 0
4325, Robert Shepherd, erica24@example.net, 2767211103, 1976991045, 1927, 8, 30, 1
